Workbook

Sheet Resolución_Problemas
A1: ACTIVIDAD 2.2: PROBLEMAS COCOMO INTERMEDIO — HOJA AUTOMATIZADA
A2: Materia: Administración de Proyectos de Software · Docente: Dr. Gabriel Navarro Salcedo · Estudiante: Ernesto Fierro
A4: MATRIZ GENERAL DE RESULTADOS DE LOS PROBLEMAS I AL V
A5: Problema | B5: Modo de Desarrollo | C5: Tamaño (KLOC) | D5: Coef. A | E5: Exp. B | F5: PM Nominal | G5: Factor EAF | H5: PM Ajustado | I5: TDEV (Meses) | J5: Costo / PM | K5: Costo Total (MXN)
A6: Problema I (Ejemplo) | B6: =A15 | C6: =B15 | D6: =C15 | E6: =D15 | F6: =E15 | G6: =G15 | H6: =H15 | I6: =I15 | J6: =J15 | K6: =K15
A7: Problema II | B7: =A24 | C7: =B24 | D7: =C24 | E7: =D24 | F7: =E24 | G7: =G24 | H7: =H24 | I7: =I24 | J7: =J24 | K7: =K24
A8: Problema III | B8: =A33 | C8: =B33 | D8: =C33 | E8: =D33 | F8: =E33 | G8: =G33 | H8: =H33 | I8: =I33 | J8: =J33 | K8: =K33
A9: Problema IV | B9: =A42 | C9: =B42 | D9: =C42 | E9: =D42 | F9: =E42 | G9: =G42 | H9: =H42 | I9: =I42 | J9: =J42 | K9: =K42
A10: Problema V | B10: =A51 | C10: =B51 | D10: =C51 | E10: =D51 | F10: =E51 | G10: =G51 | H10: =H51 | I10: =I51 | J10: =J51 | K10: =K51
A13: PROBLEMA I (Ejemplo Resuelto de Clase): Proyecto Semiacoplado de 50 KLOC con variables RELY(4), DATA(3), SCED(3)
A14: Modo | B14: KLOC | C14: Coef A | D14: Exp B | E14: PM Nominal | F14: Factores EAF Evaluados | G14: Cálculo EAF | H14: PM Ajustado | I14: TDEV (Meses) | J14: Costo / PM | K14: Costo Total
A15: Semiacoplado | B15: 50 | C15: =Coeficientes!B7 | D15: =Coeficientes!C7 | E15: =C15*POTENCIA(B15, D15) | F15: RELY(4)=1.15 · DATA(3)=1.0 · SCED(3)=1.0 | G15: =1.15*1.0*1.0 | H15: =E15*G15 | I15: =Coeficientes!D7*POTENCIA(H15, Coeficientes!E7) | J15: - | K15: -
A16: → RESPUESTA TÉCNICA: Con un tamaño de 50 KLOC y EAF de 1.15, se requiere un esfuerzo ajustado de 275.85 persona-mes (aprox. 276 PM), idéntico al resultado oficial de la diapositiva 6.
A22: PROBLEMA II: Proyecto Semiacoplado de 100 KLOC con variables RELY(5), DATA(4), CPLX(3), TIME(4), VIRT(2)
A23: Modo | B23: KLOC | C23: Coef A | D23: Exp B | E23: PM Nominal | F23: Factores EAF Evaluados | G23: Cálculo EAF | H23: PM Ajustado | I23: TDEV (Meses) | J23: Costo / PM | K23: Costo Total
A24: Semiacoplado | B24: 100 | C24: =Coeficientes!B7 | D24: =Coeficientes!C7 | E24: =C24*POTENCIA(B24, D24) | F24: RELY(5)=1.4 · DATA(4)=1.08 · CPLX(3)=1.0 · TIME(4)=1.11 · VIRT(2)=0.87 | G24: =1.4*1.08*1.0*1.11*0.87 | H24: =E24*G24 | I24: =Coeficientes!D7*POTENCIA(H24, Coeficientes!E7) | J24: - | K24: -
A25: → RESPUESTA TÉCNICA: Para 100 KLOC en modo Semiacoplado con EAF = 1.4601, se requiere un esfuerzo ajustado de 761.23 persona-mes (aprox. 761 PM).
A31: PROBLEMA III: Proyecto Empotrado de 300 KLOC. Se solicita TIEMPO DE DESARROLLO (TDEV)
A32: Modo | B32: KLOC | C32: Coef A | D32: Exp B | E32: PM Nominal | F32: Factores EAF Evaluados | G32: Cálculo EAF | H32: PM Ajustado | I32: TDEV (Meses) | J32: Costo / PM | K32: Costo Total
A33: Empotrado | B33: 300 | C33: =Coeficientes!B8 | D33: =Coeficientes!C8 | E33: =C33*POTENCIA(B33, D33) | F33: RELY(4)=1.15 · DATA(5)=1.16 · CPLX(2)=0.85 · ACAP(1)=1.46 · VIRT(3)=1.0 | G33: =1.15*1.16*0.85*1.46*1.0 | H33: =E33*G33 | I33: =Coeficientes!D8*POTENCIA(H33, Coeficientes!E8) | J33: - | K33: -
A34: → RESPUESTA TÉCNICA: Con 300 KLOC en modo Empotrado (EAF = 1.6555 y PM ajustado = 4,351.42 PM), el tiempo estimado de desarrollo TDEV = 2.5*(4351.42)^0.32 es de 36.50 meses (aprox. 3 años).
A40: PROBLEMA IV: Proyecto Orgánico de 20 KLOC con costo de $10,000 MXN/PM. Se solicita COSTO TOTAL
A41: Modo | B41: KLOC | C41: Coef A | D41: Exp B | E41: PM Nominal | F41: Factores EAF Evaluados | G41: Cálculo EAF | H41: PM Ajustado | I41: TDEV (Meses) | J41: Costo / PM | K41: Costo Total
A42: Orgánico | B42: 20 | C42: =Coeficientes!B6 | D42: =Coeficientes!C6 | E42: =C42*POTENCIA(B42, D42) | F42: RELY(1)=0.75 · DATA(5)=1.16 · CPLX(2)=0.85 · TIME(4)=1.11 · ACAP(1)=1.46 · VIRT(2)=0.87 · TOOL(3)=1.0 | G42: =0.75*1.16*0.85*1.11*1.46*0.87*1.0 | H42: =E42*G42 | I42: =Coeficientes!D6*POTENCIA(H42, Coeficientes!E6) | J42: 10000 | K42: =H42*J42
A43: → RESPUESTA TÉCNICA: Para 20 KLOC en modo Orgánico (EAF = 1.0426 y PM ajustado = 77.51 PM) a $10,000/PM, el costo total del proyecto asciende a $775,112.00 MXN.
A49: PROBLEMA V: Proyecto Empotrado de 311 KLOC con costo de $25,000 MXN/PM. Se solicita TIEMPO Y COSTO
A50: Modo | B50: KLOC | C50: Coef A | D50: Exp B | E50: PM Nominal | F50: Factores EAF Evaluados | G50: Cálculo EAF | H50: PM Ajustado | I50: TDEV (Meses) | J50: Costo / PM | K50: Costo Total
A51: Empotrado | B51: 311 | C51: =Coeficientes!B8 | D51: =Coeficientes!C8 | E51: =C51*POTENCIA(B51, D51) | F51: RELY(1)=0.75 · DATA(5)=1.16 · CPLX(2)=0.85 · TIME(4)=1.11 · ACAP(1)=1.46 · VIRT(2)=0.87 · TOOL(3)=1.0 · SCED(4)=1.04 | G51: =0.75*1.16*0.85*1.11*1.46*0.87*1.0*1.04 | H51: =E51*G51 | I51: =Coeficientes!D8*POTENCIA(H51, Coeficientes!E8) | J51: 25000 | K51: =H51*J51
A52: → RESPUESTA TÉCNICA: Para 311 KLOC en modo Empotrado (EAF = 1.0843 y PM ajustado = 2,976.03 PM), el tiempo es de 32.32 meses y el costo total asciende a $74,400,715.00 MXN.

Sheet Matriz_EAF
A1: TABLA DE CALIFICACIÓN DE LOS 15 CONDUCTORES DE COSTE (COST DRIVERS DE BOEHM)
A3: Conductor de Coste (Cost Driver) | B3: Muy Bajo (1) | C3: Bajo (2) | D3: Nominal (3) | E3: Alto (4) | F3: Muy Alto (5) | G3: Superior (6)
A4: CUALIDADES DEL PRODUCTO
A5: Confiabilidad requerida del software (RELY) | B5: 0.75 | C5: 0.88 | D5: 1 | E5: 1.15 | F5: 1.4 | G5: -
A6: Tamaño de la base de datos del uso (DATA) | B6: - | C6: 0.94 | D6: 1 | E6: 1.08 | F6: 1.16 | G6: -
A7: Complejidad del producto (CPLX) | B7: 0.7 | C7: 0.85 | D7: 1 | E7: 1.15 | F7: 1.3 | G7: 1.65
A8: CUALIDADES DEL HARDWARE / PLATAFORMA
A9: Apremios de funcionamiento Run-time (TIME) | B9: - | C9: - | D9: 1 | E9: 1.11 | F9: 1.3 | G9: 1.66
A10: Apremios de la memoria (STOR) | B10: - | C10: - | D10: 1 | E10: 1.06 | F10: 1.21 | G10: 1.56
A11: Volatilidad del ambiente virtual de la máquina (VIRT) | B11: - | C11: 0.87 | D11: 1 | E11: 1.15 | F11: 1.3 | G11: -
A12: Tiempo de turnabout requerido (TURN) | B12: - | C12: 0.87 | D12: 1 | E12: 1.11 | F12: 1.15 | G12: -
A13: CUALIDADES DEL PERSONAL
A14: Capacidad del analista (ACAP) | B14: 1.46 | C14: 1.19 | D14: 1 | E14: 0.86 | F14: 0.71 | G14: -
A15: Experiencia de los usos / aplicaciones (AEXP) | B15: 1.29 | C15: 1.13 | D15: 1 | E15: 0.91 | F15: 0.82 | G15: -
A16: Capacidad de la Software Engineer (PCAP) | B16: 1.42 | C16: 1.17 | D16: 1 | E16: 0.86 | F16: 0.7 | G16: -
A17: Experiencia virtual de la máquina (VEXP) | B17: 1.21 | C17: 1.1 | D17: 1 | E17: 0.9 | F17: - | G17: -
A18: Experiencia del lenguaje de programación (LEXP) | B18: 1.14 | C18: 1.07 | D18: 1 | E18: 0.95 | F18: - | G18: -
A19: CUALIDADES DEL PROYECTO
A20: Uso de las herramientas del software (TOOL) | B20: 1.24 | C20: 1.1 | D20: 1 | E20: 0.91 | F20: 0.82 | G20: -
A21: Uso de los métodos de la tecnología de dotación lógica (MODP) | B21: 1.24 | C21: 1.1 | D21: 1 | E21: 0.91 | F21: 0.83 | G21: -
A22: Horario requerido del desarrollo / restricciones (SCED) | B22: 1.23 | C22: 1.08 | D22: 1 | E22: 1.04 | F22: 1.1 | G22: -

Sheet Coeficientes
A1: COEFICIENTES MODELO COCOMO INTERMEDIO Y TIEMPO (BOEHM)
A3: Ecuación de Esfuerzo Intermedio: PM = A * EAF * (KLOC)^B
A4: Ecuación de Tiempo de Desarrollo: TDEV = C * (PM_ajustado)^D
A5: Proyecto del Software | B5: Coeficiente a (PM) | C5: Exponente b (PM) | D5: Coeficiente c (TDEV) | E5: Exponente d (TDEV)
A6: Orgánico | B6: 3.2 | C6: 1.05 | D6: 2.5 | E6: 0.38
A7: Semiacoplado | B7: 3 | C7: 1.12 | D7: 2.5 | E7: 0.35
A8: Embebido / Empotrado | B8: 2.8 | C8: 1.2 | D8: 2.5 | E8: 0.32
